sina_code,name,tag,amount,today_pct,turnover,open_pct,price,risk_level,risk_msg,trigger_next,risk_rule,pct_10,link_dragon,vol,vol_prev,vol_ratio,code
sh688256,寒武纪-U,★人气/成交/💰大战场,21583000000.0,3.52,3.57,1.01,1444.0,🟢 Safe,-,-,,8.08,,0,0,0,688256
sz002195,岩山科技,F佬/岩山科技(脑机/AIGC/AI)/★人气/成交/4板/机器人/💰大战场,18993000000.0,9.96,34.0,2.44,10.38,🟢 Safe,-,-,,54.69,,0,0,0,002195
sz002202,金风科技,F佬/金风科技(风电/商业航天/核电)/🐉龙虎榜/💰消闲派(2.6亿)/💰中山东路(3.6亿)/💰作手新一(4.2亿)/💰知春路(540万)/💰养家(3.6亿)/💰北向(3.3亿)/🏃知春路(2.1亿)/🏃养家(699万)/🏃作手新一(1.9亿)/🏃机构(3.3亿)/🏃北向(4.4亿)/🏃中山东路(699万)/🏃消闲派(377万)/★人气/成交/3板/💰大战场,16760000000.0,10.0,18.14,-1.52,29.04,🟢 Safe,-,-,,70.32,,0,0,0,002202
sh600118,中国卫星,★人气/成交/卫星/💰大战场,14847000000.0,1.77,12.33,-1.23,102.0,🟢 Safe,-,-,,69.69,,0,0,0,600118
sz002475,立讯精密,★人气/成交/💰大战场,13265000000.0,-4.15,3.3,-0.92,55.16,🟢 Safe,-,-,,-4.98,,0,0,0,002475
sh601698,中国卫通,★人气/成交/1板/💰大战场,13197999999.999998,1.5,7.13,-3.26,44.53,高危,86.22%,次日 +7.25%,10日偏离值100%,89.41,,0,0,0,601698
sh601318,中国平安,★人气/成交/💰大战场,11970000000.0,-4.18,1.58,-0.11,70.38,🟢 Safe,-,-,,1.28,,0,0,0,601318
sz002050,三花智控,★人气/成交/💰大战场,11740000000.0,-2.48,5.8,-0.81,54.37,🟢 Safe,-,-,,21.15,,0,0,0,002050
sz002131,利欧股份,持仓/利欧股份/🐉龙虎榜/💰养家(2.0亿)/💰六一中路(9120万)/💰拉萨天团(5746万)/💰北向(3.1亿)/💰机构(1.1亿)/💰中山东路(2.0亿)/🏃拉萨天团(1.5亿)/🏃机构(241万)/🏃北向(1.1亿)/🏃六一中路(37万)/🏃养家(44万)/🏃中山东路(44万)/★人气/成交/1板/💰大战场,11603000000.0,2.88,29.09,1.52,6.78,🟢 Safe,-,-,,33.2,,0,0,0,002131
sz002413,雷科防务,🐉龙虎榜/💰消闲派(1.6亿)/💰北向(7.1亿)/💰六一中路(540万)/💰机构(3.1亿)/🏃消闲派(3523万)/🏃六一中路(8311万)/🏃北向(4.5亿)/🏃机构(6707万)/★人气/成交/💰大战场,11309000000.0,5.86,51.15,-1.86,17.69,高危,89.49%,次日 +5.41%,10日偏离值100%,105.22,,0,0,0,002413
sz002465,海格通信,F佬/海格通信(商业航天/脑机)/★人气/成交/💰大战场,10495000000.0,4.42,21.69,-0.77,20.31,🟢 Safe,-,-,,55.28,,0,0,0,002465
sz300750,宁德时代,★人气/成交/💰大战场,9962000000.0,-0.49,0.63,-0.81,369.21,🟢 Safe,-,-,,-2.35,,0,0,0,300750
sh603019,中科曙光,★人气/成交/💰大战场,9324000000.0,4.33,6.81,0.4,93.0,🟢 Safe,-,-,,6.09,,0,0,0,603019
sh600030,中信证券,★人气/成交/💰大战场,9040000000.0,-3.25,2.59,-0.71,28.54,🟢 Safe,-,-,,-0.31,,0,0,0,600030
sh601899,紫金矿业,★人气/成交/💰大战场,8780000000.0,-1.14,1.17,-1.42,36.3,🟢 Safe,-,-,,13.12,,0,0,0,601899
sh600111,北方稀土,★人气/成交/💰大战场,7870999999.999999,-3.54,4.45,-1.45,48.71,🟢 Safe,-,-,,7.15,,0,0,0,600111
sz002151,北斗星通,★人气/成交/💰大战场,7869000000.0,3.45,30.91,-3.15,59.69,🟢 Safe,-,-,,73.27,,0,0,0,002151
sh600498,烽火通信,★人气/成交/💰大战场,7692000000.0,2.18,16.34,-1.99,37.5,🟢 Safe,-,-,,36.86,,0,0,0,600498
sh600435,北方导航,★人气/成交/💰大战场,6880000000.0,6.31,22.48,0.91,21.07,🟢 Safe,-,-,,50.07,,0,0,0,600435
sz002565,顺灏股份,F佬/顺灏股份(商业航天/中位)/★人气/成交/首板/💰大战场,6609999999.999999,10.02,29.68,3.8,21.41,极高危,196.03%,次日 +1.30%,30日偏离值200%,51.52,,0,0,0,002565
sz002600,领益智造,★人气/成交/💰大战场,6573999999.999999,1.61,5.56,0.0,16.43,🟢 Safe,-,-,,5.86,,0,0,0,002600
sh600105,永鼎股份,★人气/成交/💰大战场,6509000000.0,2.6,16.12,0.04,28.0,🟢 Safe,-,-,,31.95,,0,0,0,600105
sz301293,三博脑科,★人气/成交/💰大战场,5687000000.0,5.39,36.91,0.0,98.88,🟢 Safe,-,-,,79.33,,0,0,0,301293
sh600151,航天机电,★人气/成交/航天/💰大战场,5600000000.0,7.11,19.51,-1.79,20.35,🟢 Safe,-,-,,26.71,,0,0,0,600151
sz002340,格林美,★人气/成交/💰大战场,5536000000.0,-5.89,12.2,-2.89,8.78,🟢 Safe,-,-,,11.42,,0,0,0,002340
sz002759,天际股份,★人气/成交/💰大战场,5446000000.0,-2.6,22.73,0.73,46.9,🟢 Safe,-,-,,22.49,,0,0,0,002759
sh600089,特变电工,★人气/成交/💰大战场,5397000000.0,-0.58,4.42,0.37,24.05,🟢 Safe,-,-,,4.61,,0,0,0,600089
sh600150,中国船舶,★人气/成交/💰大战场,5383000000.0,4.09,2.01,0.0,35.88,🟢 Safe,-,-,,7.81,,0,0,0,600150
sh601888,中国中免,★人气/成交/💰大战场,5357000000.0,-0.49,2.92,-1.02,92.95,🟢 Safe,-,-,,4.54,,0,0,0,601888
sh601600,中国铝业,★人气/成交/💰大战场,5181000000.0,-2.85,2.86,-2.49,13.65,🟢 Safe,-,-,,24.43,,0,0,0,601600
sz002463,沪电股份,★人气/成交/💰大战场,5118000000.0,-3.11,3.7,-0.48,71.23,🟢 Safe,-,-,,-0.27,,0,0,0,002463
sz300762,上海瀚讯,★人气/成交/💰大战场,5077000000.0,6.55,18.9,-2.5,44.26,🟢 Safe,-,-,,33.47,,0,0,0,300762
sz002371,北方华创,★人气/成交/💰大战场,4958000000.0,-1.7,1.34,0.0,506.67,🟢 Safe,-,-,,5.24,,0,0,0,002371
sz300751,迈为股份,★人气/成交/首板/🔥20cm/💰大战场,4792000000.0,15.65,12.53,-2.17,212.8,🟢 Safe,-,-,,32.72,,0,0,0,300751
sz002361,神剑股份,★人气/成交/首板/航天/💰大战场,4764000000.0,9.99,38.64,-1.11,15.85,🟢 Safe,-,-,,60.26,,0,0,0,002361
sh601727,上海电气,★人气/成交/💰大战场,4672000000.0,2.76,3.97,-0.44,9.32,🟢 Safe,-,-,,10.95,,0,0,0,601727
sh600036,招商银行,★人气/成交/💰大战场,4643000000.0,-1.35,0.54,0.12,41.58,🟢 Safe,-,-,,-0.79,,0,0,0,600036
sz301308,江波龙,★人气/成交/💰大战场,4536000000.0,-3.09,5.74,-1.0,283.9,🟢 Safe,-,-,,17.0,,0,0,0,301308
sz002837,英维克,★人气/成交/💰大战场,4519000000.0,-2.81,5.19,0.0,101.56,🟢 Safe,-,-,,-2.2,,0,0,0,002837
sh600343,航天动力,★人气/成交/航天/💰大战场,4446000000.0,4.48,14.93,-0.95,47.33,🟢 Safe,-,-,,24.55,,0,0,0,600343
sz301171,易点天下,🐉龙虎榜/💰北向(2.9亿)/💰拉萨天团(2711万)/💰机构(1.1亿)/🏃拉萨天团(4930万)/🏃北向(2.5亿)/🏃机构(5827万)/★人气/成交/1板/💰大战场,4420000000.0,5.88,26.94,-1.13,43.91,🟢 Safe,-,-,,30.22,,0,0,0,301171
sz002149,西部材料,★人气/成交/💰大战场,4389000000.0,3.2,18.46,-1.8,49.4,极高危,196.17%,次日 +1.25%,30日偏离值200%,27.58,,0,0,0,002149
sz002025,航天电器,★人气/成交/首板/机器人/航天/军工/💰大战场,4354000000.0,10.01,15.65,-0.05,62.99,🟢 Safe,-,-,,40.79,,0,0,0,002025
sh688270,臻镭科技,🐉龙虎榜/💰北向(4.8亿)/💰机构/3日(4.4亿)/💰机构(3.1亿)/💰北向/3日(7.2亿)/★人气/成交/首板/👀焚诀预期/炸板/🔥20cm/💰大战场,4322000000.0,15.21,14.09,-0.8,152.0,中高,170.77%,次日 +10.32%,30日偏离值200%,40.61,,0,0,0,688270
sz002460,赣锋锂业,★人气/成交/💰大战场,4290999999.9999995,-2.2,5.37,0.32,65.02,🟢 Safe,-,-,,-2.02,,0,0,0,002460
sz002261,拓维信息,★人气/成交/💰大战场,4219000000.0,1.33,10.64,1.42,34.18,🟢 Safe,-,-,,13.78,,0,0,0,002261
sh600372,中航机载,★人气/成交/首板/低空/航天/💰大战场,4199000000.0,9.99,5.81,-0.43,15.41,🟢 Safe,-,-,,20.02,,0,0,0,600372
sz002230,科大讯飞,★人气/成交/💰大战场,4177000000.0000005,0.74,3.56,1.34,53.41,🟢 Safe,-,-,,9.85,,0,0,0,002230
sz002709,天赐材料,★人气/成交/💰大战场,4175000000.0,-2.4,6.21,-0.99,44.4,🟢 Safe,-,-,,4.54,,0,0,0,002709
sz300803,指南针,★人气/成交/💰大战场,4158000000.0,-3.2,5.02,-1.64,138.51,🟢 Safe,-,-,,7.15,,0,0,0,300803
sh603259,药明康德,★人气/成交/💰大战场,4138000000.0000005,0.13,1.7,0.79,98.17,🟢 Safe,-,-,,8.33,,0,0,0,603259
sz002466,天齐锂业,★人气/成交/💰大战场,4134000000.0000005,-1.05,4.72,0.57,58.62,🟢 Safe,-,-,,5.09,,0,0,0,002466
sh600519,贵州茅台,★人气/成交/💰大战场,4118000000.0,-0.78,0.23,-0.0,1412.3,🟢 Safe,-,-,,0.32,,0,0,0,600519
sz002602,世纪华通,★人气/成交/💰大战场,4092000000.0,4.1,3.17,0.05,19.06,🟢 Safe,-,-,,9.16,,0,0,0,002602
sz002639,雪人集团,🐉龙虎榜/💰消闲派(92万)/💰知春路(724万)/💰北向(5.1亿)/💰机构(1.3亿)/🏃知春路(1.7亿)/🏃北向(4.3亿)/🏃机构(1.0亿)/🏃消闲派(3.2亿)/★人气/成交/2板/💰大战场,4060000000.0,10.02,26.42,6.1,24.16,🟢 Safe,-,-,,27.22,,0,0,0,002639
sz002703,浙江世宝,★人气/成交/💰大战场,3989000000.0,7.11,26.42,1.65,26.67,🟢 Safe,-,-,,43.7,,0,0,0,002703
sz002428,云南锗业,🐉龙虎榜/💰机构/3日(1.7亿)/💰北向/3日(8.7亿)/💰北向(3.6亿)/💰机构(3617万)/🏃北向(1.6亿)/🏃机构(4735万)/🏃北向/3日(9.3亿)/🏃机构/3日(1.6亿)/★人气/成交/🔥焚诀/1板/💰大战场,3947000000.0,6.89,16.91,1.21,35.38,🟢 Safe,-,-,,15.89,,0,0,0,002428
sz002407,多氟多,★人气/成交/💰大战场,3932000000.0,-2.4,10.95,-0.06,32.9,🟢 Safe,-,-,,1.2,,0,0,0,002407
sz002384,东山精密,★人气/成交/💰大战场,3920000000.0000005,0.63,3.46,-0.37,81.11,🟢 Safe,-,-,,-0.25,,0,0,0,002384
sh601688,华泰证券,★人气/成交/💰大战场,3908000000.0,-5.04,2.21,-1.35,23.95,🟢 Safe,-,-,,3.23,,0,0,0,601688
sz300724,捷佳伟创,★人气/成交/💰大战场,3772999999.9999995,6.29,12.8,-0.63,104.16,🟢 Safe,-,-,,15.78,,0,0,0,300724
sz002471,中超控股,★人气/成交/💰大战场,3753000000.0,1.69,33.24,-3.25,8.44,🟢 Safe,-,-,,69.14,,0,0,0,002471
sz002792,通宇通讯,F佬/通宇通讯(商业航天/中位)/★人气/成交/2板/卫星/💰大战场,3715999999.9999995,10.0,19.68,5.59,57.31,🟢 Safe,-,-,,75.53,,0,0,0,002792
sh601933,永辉超市,★人气/成交/💰大战场,3711999999.9999995,2.24,8.26,-1.42,5.03,🟢 Safe,-,-,,-7.71,,0,0,0,601933
sh600309,万华化学,★人气/成交/💰大战场,3697000000.0,-2.73,1.49,-0.01,79.69,🟢 Safe,-,-,,6.54,,0,0,0,600309
sh600362,江西铜业,★人气/成交/💰大战场,3688000000.0000005,-0.45,3.22,-2.32,55.03,🟢 Safe,-,-,,30.77,,0,0,0,600362
sz300655,晶瑞电材,★人气/成交/💰大战场,3678000000.0,-0.57,17.72,1.51,19.08,🟢 Safe,-,-,,9.15,,0,0,0,300655
sz002179,中航光电,★人气/成交/💰大战场,3639000000.0,3.83,4.57,0.03,38.5,🟢 Safe,-,-,,15.17,,0,0,0,002179
sz300857,协创数据,★人气/成交/💰大战场,3582000000.0,-5.05,5.54,-2.46,185.14,🟢 Safe,-,-,,36.99,,0,0,0,300857
sz002738,中矿资源,★人气/成交/💰大战场,3579000000.0,-7.44,6.03,-0.79,81.0,🟢 Safe,-,-,,13.57,,0,0,0,002738
sh600410,华胜天成,★人气/成交/1板/💰大战场,3572999999.9999995,2.88,17.01,1.39,19.29,🟢 Safe,-,-,,14.01,,0,0,0,600410
sh600266,城建发展,★人气/成交/💰大战场,3540000000.0,0.0,24.7,3.85,6.75,🟢 Safe,-,-,,52.03,,0,0,0,600266
sz300900,广联航空,★人气/成交/💰大战场,3521000000.0,4.87,36.28,7.81,43.5,🟢 Safe,-,-,,86.62,,0,0,0,300900
sz300699,光威复材,★人气/成交/💰大战场,3486000000.0,8.32,10.47,-1.24,41.03,🟢 Safe,-,-,,36.86,,0,0,0,300699
sz002409,雅克科技,★人气/成交/💰大战场,3471000000.0,-2.72,12.29,2.75,86.22,🟢 Safe,-,-,,16.92,,0,0,0,002409
sz300003,乐普医疗,★人气/成交/💰大战场,3390999999.9999995,5.99,11.04,1.3,19.64,🟢 Safe,-,-,,23.99,,0,0,0,300003
sh688347,华虹公司,★人气/成交/💰大战场,3369000000.0,0.74,6.42,-1.57,126.3,🟢 Safe,-,-,,20.06,,0,0,0,688347
sh600501,航天晨光,🐉龙虎榜/💰北向/3日(1.4亿)/★人气/成交/🔥焚诀/首板/航天/💰大战场,3297999999.9999995,10.01,23.07,0.13,34.3,🟢 Safe,-,-,,46.64,,0,0,0,600501
sz300008,天海防务,★人气/成交/💰大战场,3265999999.9999995,8.68,22.83,-0.37,8.89,🟢 Safe,-,-,,15.01,,0,0,0,300008
sh600183,生益科技,★人气/成交/💰大战场,3116000000.0,-1.33,1.78,-0.14,71.44,🟢 Safe,-,-,,8.24,,0,0,0,600183
sz002241,歌尔股份,★人气/成交/💰大战场,3107000000.0,-0.78,3.37,-0.54,29.28,🟢 Safe,-,-,,5.13,,0,0,0,002241
sz002920,德赛西威,★人气/成交/💰大战场,3099000000.0,-3.46,4.2,-3.0,132.81,🟢 Safe,-,-,,6.51,,0,0,0,002920
sz002335,科华数据,★人气/成交/💰大战场,3044000000.0,0.23,10.78,-0.11,61.41,🟢 Safe,-,-,,11.33,,0,0,0,002335
sz301611,珂玛科技,★人气/成交/💰大战场,3034000000.0,8.62,17.8,0.57,118.76,🟢 Safe,-,-,,41.94,,0,0,0,301611
sz002544,普天科技,★人气/成交/💰大战场,3026000000.0,7.56,11.91,-1.43,38.42,🟢 Safe,-,-,,22.71,,0,0,0,002544
sz002549,凯美特气,★人气/成交/💰大战场,3025000000.0,0.39,18.49,1.81,23.29,🟢 Safe,-,-,,5.0,,0,0,0,002549
sz301363,美好医疗,★人气/成交/💰大战场,3024000000.0,2.45,19.58,1.78,42.58,🟢 Safe,-,-,,94.43,,0,0,0,301363
sz300757,罗博特科,★人气/成交/💰大战场,3013000000.0,3.68,7.29,0.09,269.31,🟢 Safe,-,-,,18.06,,0,0,0,300757
sz002222,福晶科技,★人气/成交/💰大战场,3005000000.0,8.2,9.67,2.94,66.34,🟢 Safe,-,-,,10.77,,0,0,0,002222
sz002163,海南发展,★人气/成交/💰大战场,2969000000.0,-3.03,18.14,0.05,20.16,🟢 Safe,-,-,,14.61,,0,0,0,002163
sz002555,三七互娱,★人气/成交/💰大战场,2962000000.0,0.52,6.96,-0.6,26.81,🟢 Safe,-,-,,18.16,,0,0,0,002555
sh600330,天通股份,★人气/成交/💰大战场,2938000000.0,4.26,16.96,0.0,14.19,🟢 Safe,-,-,,19.75,,0,0,0,600330
sz002156,通富微电,★人气/成交/💰大战场,2911000000.0,-0.2,4.75,-0.97,40.0,🟢 Safe,-,-,,6.75,,0,0,0,002156
sz002594,比亚迪,★人气/成交/💰大战场,2908000000.0,-0.74,0.86,-0.41,96.88,🟢 Safe,-,-,,2.18,,0,0,0,002594
sh601611,中国核建,F佬/中国核建(核电中军)/★人气/成交/2板/💰大战场,2893000000.0,10.01,5.72,6.24,16.93,🟢 Safe,-,-,,32.99,,0,0,0,601611
sz301005,超捷股份,★人气/成交/💰大战场,2883000000.0,7.84,12.86,0.0,172.78,🟢 Safe,-,-,,84.4,,0,0,0,301005
sh600418,江淮汽车,★人气/成交/💰大战场,2873000000.0,-2.86,2.63,-0.56,49.95,🟢 Safe,-,-,,4.74,,0,0,0,600418
sh600276,恒瑞医药,★人气/成交/💰大战场,2855000000.0,-0.39,0.7,1.8,63.6,🟢 Safe,-,-,,2.91,,0,0,0,600276
sh603011,合锻智能,★人气/成交/💰大战场,2831000000.0,3.79,21.08,2.17,26.82,🟢 Safe,-,-,,21.25,,0,0,0,603011
sz300007,汉威科技,★人气/成交/💰大战场,2814000000.0,1.19,16.43,0.27,60.34,🟢 Safe,-,-,,30.16,,0,0,0,300007
sz002031,巨轮智能,F佬/巨轮智能(机器人/航天)/★人气/成交/🔥焚诀/💰大战场,2813000000.0,6.57,17.68,-0.52,8.27,🟢 Safe,-,-,,12.36,,0,0,0,002031
sz002115,三维通信,持仓/三维通信/★人气/成交/1板/💰大战场,2808000000.0,5.19,28.28,-0.63,13.38,🟢 Safe,-,-,,24.12,,0,0,0,002115
sh601336,新华保险,★人气/成交/💰大战场,2783000000.0,-1.06,1.63,-0.4,81.45,🟢 Safe,-,-,,12.02,,0,0,0,601336
sh601601,中国太保,★人气/成交/💰大战场,2760000000.0,-1.96,0.86,-1.55,46.95,🟢 Safe,-,-,,12.4,,0,0,0,601601
sh688333,铂力特,★人气/成交/💰大战场,2730000000.0,9.77,9.36,-1.04,111.14,🟢 Safe,-,-,,23.43,,0,0,0,688333
sz002735,王子新材,★人气/成交/💰大战场,2717000000.0,3.89,45.91,1.43,21.1,🟢 Safe,-,-,,27.72,,0,0,0,002735
sh601606,长城军工,★人气/成交/军工/💰大战场,2655000000.0,2.43,7.41,0.43,49.74,🟢 Safe,-,-,,5.65,,0,0,0,601606
sz300672,国科微,★人气/成交/💰大战场,2577000000.0,3.86,10.97,-3.53,114.98,🟢 Safe,-,-,,12.53,,0,0,0,300672
sz002171,楚江新材,★人气/成交/💰大战场,2497000000.0,4.94,11.2,-0.82,14.03,🟢 Safe,-,-,,14.25,,0,0,0,002171
sh688205,德科立,★人气/成交/💰大战场,2433000000.0,-6.98,10.31,-3.56,147.7,🟢 Safe,-,-,,-6.52,,0,0,0,688205
sh600363,联创光电,★人气/成交/💰大战场,2432000000.0,2.02,7.42,-0.21,71.57,🟢 Safe,-,-,,26.85,,0,0,0,600363
sz002240,盛新锂能,★人气/成交/💰大战场,2411000000.0,-2.08,7.22,0.11,35.86,🟢 Safe,-,-,,-0.17,,0,0,0,002240
sz002347,泰尔股份,F佬/泰尔股份(机器人)/★人气/成交/💰大战场,2403000000.0,6.14,37.86,-2.28,13.49,🟢 Safe,-,-,,78.44,,0,0,0,002347
sz002865,钧达股份,★人气/成交/首板/👀焚诀预期/炸板/航天/💰大战场,2351000000.0,10.0,15.88,-1.16,68.53,🟢 Safe,-,-,,53.83,,0,0,0,002865
sz002281,光迅科技,★人气/成交/💰大战场,2349000000.0,-0.42,4.23,-0.91,70.88,🟢 Safe,-,-,,0.2,,0,0,0,002281
sz301550,斯菱智驱,★人气/成交/💰大战场,2348000000.0,-1.02,9.43,0.32,172.49,🟢 Safe,-,-,,59.65,,0,0,0,301550
sz300766,每日互动,★人气/成交/💰大战场,2336000000.0,4.79,17.74,0.86,36.56,🟢 Safe,-,-,,18.7,,0,0,0,300766
sh600219,南山铝业,★人气/成交/💰大战场,2331000000.0,-1.54,3.49,-1.2,5.74,🟢 Safe,-,-,,14.34,,0,0,0,600219
sz002126,银轮股份,★人气/成交/💰大战场,2317000000.0,6.5,7.16,1.93,40.77,🟢 Safe,-,-,,15.66,,0,0,0,002126
sz002083,孚日股份,★人气/成交/💰大战场,2300000000.0,-3.99,17.47,-1.71,13.48,🟢 Safe,-,-,,22.21,,0,0,0,002083
sh688387,信科移动-U,🐉龙虎榜/★人气/成交/1板/💰大战场,2297000000.0,6.54,8.83,-1.13,13.2,🟢 Safe,-,-,,42.24,,0,0,0,688387
sh603083,剑桥科技,★人气/成交/💰大战场,2263000000.0,-1.7,6.59,-0.98,123.86,🟢 Safe,-,-,,2.99,,0,0,0,603083
sz002716,湖南白银,★人气/成交/💰大战场,2254000000.0,-3.25,12.34,0.75,7.73,🟢 Safe,-,-,,17.12,,0,0,0,002716
sz002255,海陆重工,★人气/成交/首板/👀焚诀预期/炸板/💰大战场,2248000000.0,1.03,25.12,0.22,13.71,🟢 Safe,-,-,,9.16,,0,0,0,002255
sh601398,工商银行,★人气/成交/💰大战场,2241000000.0,-0.77,0.11,-0.13,7.69,🟢 Safe,-,-,,-2.9,,0,0,0,601398
sz002400,省广集团,🐉龙虎榜/💰北向(2.3亿)/💰机构(8916万)/🏃北向(1.8亿)/🏃机构(1.6亿)/★人气/成交/1板/💰大战场,2224000000.0,1.73,13.76,-0.43,9.43,🟢 Safe,-,-,,16.13,,0,0,0,002400
sz002414,高德红外,★人气/成交/💰大战场,2222000000.0,-0.8,4.04,0.43,16.15,🟢 Safe,-,-,,6.32,,0,0,0,002414
sh601689,拓普集团,★人气/成交/💰大战场,2215000000.0,-0.21,1.7,-0.4,74.64,🟢 Safe,-,-,,7.49,,0,0,0,601689
sh600271,航天信息,★人气/成交/首板/信创/航天/AI/💰大战场,2212000000.0,9.98,9.83,1.14,12.56,🟢 Safe,-,-,,28.43,,0,0,0,600271
sz002402,和而泰,★人气/成交/💰大战场,2170000000.0,1.03,6.85,-0.21,39.2,🟢 Safe,-,-,,0.98,,0,0,0,002402
sh600157,永泰能源,★人气/成交/💰大战场,2165000000.0,1.2,5.81,1.2,1.69,🟢 Safe,-,-,,5.63,,0,0,0,600157
sz300666,江丰电子,★人气/成交/💰大战场,2157000000.0,1.34,8.63,-0.72,112.28,🟢 Safe,-,-,,17.39,,0,0,0,300666
sz002788,鹭燕医药,★人气/成交/3板/💰大战场,2156000000.0,10.0,21.27,-0.04,27.49,🟢 Safe,-,-,,48.59,,0,0,0,002788
sh601360,三六零,★人气/成交/💰大战场,2145000000.0,1.69,2.68,0.62,11.42,🟢 Safe,-,-,,8.04,,0,0,0,601360
sh600021,上海电力,★人气/成交/💰大战场,2141000000.0,-0.88,3.5,0.18,21.5,🟢 Safe,-,-,,9.14,,0,0,0,600021
sz300748,金力永磁,★人气/成交/💰大战场,2114000000.0,-2.77,5.23,-1.37,35.5,🟢 Safe,-,-,,5.44,,0,0,0,300748
sh601288,农业银行,★人气/成交/💰大战场,2095000000.0,-0.67,0.09,-0.27,7.44,🟢 Safe,-,-,,-2.87,,0,0,0,601288
sh600198,大唐电信,★人气/成交/💰大战场,2089999999.9999998,1.58,14.85,4.75,10.91,🟢 Safe,-,-,,22.72,,0,0,0,600198
sh600010,包钢股份,★人气/成交/💰大战场,2064000000.0,-1.94,2.59,-1.16,2.53,🟢 Safe,-,-,,6.3,,0,0,0,600010
sz301306,西测测试,★人气/成交/💰大战场,2055999999.9999998,6.64,25.18,-1.98,143.6,安全,150.76%,次日 +18.93%,30日偏离值200%,39.35,,0,0,0,301306
sh600487,亨通光电,★人气/成交/💰大战场,2048000000.0,-1.36,3.4,0.04,24.58,🟢 Safe,-,-,,-6.22,,0,0,0,600487
sz002383,合众思壮,★人气/成交/💰大战场,2042000000.0000002,2.48,19.46,-1.7,14.47,🟢 Safe,-,-,,39.94,,0,0,0,002383
sz002364,中恒电气,★人气/成交/首板/👀焚诀预期/炸板/💰大战场,2042000000.0000002,0.58,12.34,2.3,29.27,🟢 Safe,-,-,,16.38,,0,0,0,002364
sz002938,鹏鼎控股,★人气/成交/💰大战场,2038000000.0,-1.71,1.64,-0.2,52.85,🟢 Safe,-,-,,4.63,,0,0,0,002938
sh688385,复旦微电,★人气/成交/💰大战场,2032000000.0,4.12,4.48,-1.06,85.4,🟢 Safe,-,-,,34.45,,0,0,0,688385
sz302132,中航成飞,★人气/成交/💰大战场,2012000000.0,3.37,4.16,-0.22,82.89,🟢 Safe,-,-,,10.24,,0,0,0,302132
sz002945,华林证券,📉跌停/博弈修复,1988000000.0,-10.0,4.28,-5.0,16.92,🟢 Safe,-,-,,19.07,,0,0,0,002945
sh600549,厦门钨业,1板,1923000000.0,-2.32,2.81,-1.9,43.81,🟢 Safe,-,-,,1.91,,0,0,0,600549
sz002009,天奇股份,★人气,1922000000.0,0.37,24.42,2.81,21.81,🟢 Safe,-,-,,36.83,sz002931,0,0,0,002009
sz301137,哈焊华通,🔥焚诀/首板,1918000000.0,12.16,17.77,0.17,59.41,🟢 Safe,-,-,,27.65,,0,0,0,301137
sz300753,爱朋医疗,🐉龙虎榜/💰机构/3日(3096万)/🏃机构/3日(2823万)/首板/🔥20cm,1884000000.0,19.99,53.64,6.98,42.62,🟢 Safe,-,-,,62.05,,0,0,0,300753
sz002625,光启技术,1板,1835000000.0000002,1.51,1.69,1.09,50.37,🟢 Safe,-,-,,-1.35,,0,0,0,002625
sh603305,旭升集团,1板,1821000000.0,5.6,9.21,0.06,17.36,🟢 Safe,-,-,,19.07,,0,0,0,603305
sh603131,上海沪工,🔥焚诀,1748000000.0,7.65,17.2,-1.17,31.37,🟢 Safe,-,-,,17.23,,0,0,0,603131
sh600172,黄河旋风,首板,1748000000.0,9.97,21.36,0.17,6.51,🟢 Safe,-,-,,8.14,,0,0,0,600172
sz002389,航天彩虹,首板/👀焚诀预期/炸板/航天,1743000000.0,4.09,7.0,-0.57,25.71,🟢 Safe,-,-,,14.42,,0,0,0,002389
sh600556,天下秀,1板,1719000000.0000002,3.34,13.44,-0.44,7.11,🟢 Safe,-,-,,23.22,,0,0,0,600556
sz300887,谱尼测试,首板/航天/🔥20cm,1701000000.0000002,19.98,33.16,-1.8,15.97,🟢 Safe,-,-,,105.53,,0,0,0,300887
sz002519,银河电子,★人气/4板/航天/军工,1689999999.9999998,9.98,16.25,9.98,9.48,🟢 Safe,-,-,,68.98,,0,0,0,002519
sz002342,巨力索具,F佬/巨力索具(商业航天)/★人气/2板,1664999999.9999998,10.03,18.34,0.33,9.98,🟢 Safe,-,-,,40.96,,0,0,0,002342
sh600391,航发科技,首板/👀焚诀预期/炸板,1630000000.0,7.89,12.14,-1.76,41.73,🟢 Safe,-,-,,28.6,,0,0,0,600391
sz002177,御银股份,首板/👀焚诀预期/炸板,1625000000.0,-1.69,27.4,0.11,8.75,🟢 Safe,-,-,,28.87,,0,0,0,002177
sz002250,联化科技,首板,1600000000.0,10.01,11.53,1.02,16.16,🟢 Safe,-,-,,28.36,,0,0,0,002250
sz002366,融发核电,首板,1550000000.0,9.96,14.43,0.12,8.83,🟢 Safe,-,-,,22.3,,0,0,0,002366
sh601399,国机重装,2板,1548000000.0,9.98,3.63,4.17,6.06,🟢 Safe,-,-,,15.65,,0,0,0,601399
sz002044,美年健康,1板,1537000000.0,2.96,7.14,-0.18,5.57,🟢 Safe,-,-,,1.46,,0,0,0,002044
sh600345,长江通信,首板/👀焚诀预期/炸板,1437000000.0,5.01,18.81,-2.55,37.08,🟢 Safe,-,-,,28.35,,0,0,0,600345
sh600562,国睿科技,🔥焚诀,1409000000.0,8.04,3.68,0.1,31.3,🟢 Safe,-,-,,19.24,,0,0,0,600562
sh600468,百利电气,🔥焚诀,1405000000.0,5.67,15.84,-0.79,8.02,🟢 Safe,-,-,,14.41,,0,0,0,600468
sh601615,明阳智能,首板/👀焚诀预期/炸板,1378000000.0,0.3,3.63,-0.06,16.75,🟢 Safe,-,-,,17.13,,0,0,0,601615
sz002766,索菱股份,🐉龙虎榜/💰机构(1639万)/💰北向(1420万)/💰六一中路(585万)/🏃北向(2012万)/🏃六一中路(1351万)/🏃机构(1235万),1377000000.0,1.69,22.7,0.85,7.2,🟢 Safe,-,-,,25.0,,0,0,0,002766
sh600143,金发科技,1板,1375000000.0,-0.21,2.74,-0.58,19.02,🟢 Safe,-,-,,4.16,,0,0,0,600143
sz002201,九鼎新材,首板/👀焚诀预期/炸板/航天,1368000000.0,9.99,19.74,-0.93,11.78,🟢 Safe,-,-,,25.99,,0,0,0,002201
sh600481,双良节能,🔥焚诀,1359000000.0,7.91,10.58,-0.93,6.96,🟢 Safe,-,-,,24.73,,0,0,0,600481
sz002757,南兴股份,F佬/南兴股份(AI智能体)/🐉龙虎榜/💰机构(1759万)/💰拉萨天团(7593万)/💰北向(3263万)/💰养家(22万)/💰中山东路(22万)/🏃中山东路(6029万)/🏃拉萨天团(5263万)/🏃机构(3895万)/🏃养家(6029万)/🏃北向(2870万)/★人气/首板/👀焚诀预期/炸板/机器人,1348000000.0,10.0,20.82,3.15,23.77,🟢 Safe,-,-,,52.08,,0,0,0,002757
sz301368,丰立智能,首板/机器人/🔥20cm,1300000000.0,19.99,29.89,0.75,73.46,🟢 Safe,-,-,,32.12,,0,0,0,301368
sz002023,海特高新,首板/低空/航天/军工,1263000000.0,10.02,11.89,-0.59,15.04,🟢 Safe,-,-,,18.24,,0,0,0,002023
sz002008,大族激光,首板/👀焚诀预期/炸板,1261000000.0,-2.89,3.08,-0.98,42.67,🟢 Safe,-,-,,11.18,,0,0,0,002008
sz002378,章源钨业,首板/👀焚诀预期/炸板,1238000000.0,-2.07,6.57,-1.69,15.64,🟢 Safe,-,-,,-3.81,,0,0,0,002378
sz301629,矽电股份,首板/🔥20cm,1237000000.0,14.86,40.84,0.3,292.89,🟢 Safe,-,-,,25.6,,0,0,0,301629
sh688418,震有科技,🐉龙虎榜/💰机构(1.6亿)/💰北向(9845万)/1板,1219000000.0,4.17,13.23,1.13,47.74,🟢 Safe,-,-,,24.49,,0,0,0,688418
sh603169,兰石重装,首板,1186000000.0,9.97,7.49,0.09,12.46,🟢 Safe,-,-,,19.12,,0,0,0,603169
sz002462,嘉事堂,🐉龙虎榜/💰机构(642万)/💰拉萨天团(1580万)/🏃拉萨天团(1197万)/🏃机构(1401万)/📉跌停/博弈修复,1174000000.0,-9.99,22.24,2.98,17.21,🟢 Safe,-,-,,13.37,,0,0,0,002462
sz002046,国机精工,1板,1166000000.0,1.49,5.27,-0.51,42.17,🟢 Safe,-,-,,3.28,,0,0,0,002046
sh603179,新泉股份,1板,1139000000.0,-4.14,2.81,0.5,78.03,🟢 Safe,-,-,,23.31,,0,0,0,603179
sz002213,大为股份,★人气,1119000000.0,0.35,18.88,-1.62,28.5,🟢 Safe,-,-,,9.83,,0,0,0,002213
sh603067,振华股份,1板,1099000000.0,-4.03,4.78,0.45,31.91,🟢 Safe,-,-,,8.32,,0,0,0,603067
sz301216,万凯新材,首板/🔥20cm,1098000000.0,15.16,10.05,-0.17,20.36,🟢 Safe,-,-,,17.01,,0,0,0,301216
sz002017,东信和平,1板,1055000000.0000001,3.48,7.95,-0.14,22.9,🟢 Safe,-,-,,10.2,,0,0,0,002017
sz301408,华人健康,🐉龙虎榜/💰机构/3日(2977万)/💰北向/3日(5616万)/🏃机构/3日(1372万)/🏃北向/3日(3431万),1016000000.0,3.38,33.75,1.28,20.16,🟢 Safe,-,-,,-4.05,,0,0,0,301408
sh603031,安孚科技,首板/航天,981000000.0,9.99,9.14,0.67,52.5,🟢 Safe,-,-,,13.88,,0,0,0,603031
sz002279,久其软件,首板/智能体/信创/AI,952000000.0,9.95,13.92,0.0,9.06,🟢 Safe,-,-,,20.16,,0,0,0,002279
sz002796,世嘉科技,🐉龙虎榜/💰机构(5077万)/💰六一中路(30万)/🏃机构(3409万)/🏃六一中路(3827万)/首板/👀焚诀预期/炸板,940000000.0,-3.79,13.69,-0.13,29.98,🟢 Safe,-,-,,13.13,,0,0,0,002796
sz301087,可孚医疗,🔥焚诀/首板,927999999.9999999,13.52,8.98,0.06,54.0,🟢 Safe,-,-,,18.42,,0,0,0,301087
sh603052,可川科技,首板/👀焚诀预期/炸板,909000000.0,3.93,11.56,3.93,42.0,🟢 Safe,-,-,,28.28,,0,0,0,603052
sz002541,鸿路钢构,🐉龙虎榜/💰机构/3日(1.2亿)/💰北向/3日(1.7亿)/🏃北向/3日(1.2亿),886000000.0,6.01,8.97,1.13,19.75,🟢 Safe,-,-,,19.26,,0,0,0,002541
sz301213,观想科技,🐉龙虎榜/💰六一中路/3日(2052万)/💰小鳄鱼/3日(1754万)/💰机构/3日(2992万)/🏃六一中路/3日(507万)/🏃机构/3日(5015万)/🏃小鳄鱼/3日(1799万),881000000.0,1.38,21.15,3.31,84.0,🟢 Safe,-,-,,27.18,,0,0,0,301213
sz002725,跃岭股份,🔥焚诀,881000000.0,2.82,22.75,2.59,17.85,🟢 Safe,-,-,,3.24,,0,0,0,002725
sz002029,七 匹 狼,1板,863000000.0000001,4.59,10.03,2.46,12.76,🟢 Safe,-,-,,14.54,,0,0,0,002029
sh603125,常青科技,🔥焚诀,844999999.9999999,1.07,41.69,9.87,18.94,🟢 Safe,-,-,,7.25,,0,0,0,603125
sh603037,凯众股份,🐉龙虎榜/🔥焚诀,801000000.0,7.38,17.77,0.25,17.03,🟢 Safe,-,-,,27.18,,0,0,0,603037
sz300792,壹网壹创,首板,739000000.0,10.85,10.87,-0.37,33.0,🟢 Safe,-,-,,19.61,,0,0,0,300792
sz301667,纳百川,🐉龙虎榜/💰机构/3日(2631万)/🏃机构/3日(2678万),728000000.0,5.08,41.32,-0.51,78.16,🟢 Safe,-,-,,-32.03,,0,0,0,301667
sz002512,达华智能,1板,723000000.0,2.44,10.6,-0.49,6.3,🟢 Safe,-,-,,10.14,,0,0,0,002512
sz300986,志特新材,★人气/4板/机器人/AI/🔥20cm,700000000.0,19.98,7.41,16.72,23.18,🟢 Safe,-,-,,128.6,,0,0,0,300986
sz002309,中利集团,📉跌停/博弈修复,671000000.0,-9.91,9.55,-5.41,3.0,🟢 Safe,-,-,,-13.04,,0,0,0,002309
sz301079,邵阳液压,🐉龙虎榜/💰机构/3日(8011万)/🏃机构/3日(6596万)/2板/👀焚诀预期/炸板/航天/🔥20cm,668000000.0,20.01,19.75,15.03,49.6,高危,86.84%,次日 +6.86%,10日偏离值100%,74.96,,0,0,0,301079
sh601929,吉视传媒,1板,652000000.0,1.41,5.22,-1.13,3.6,🟢 Safe,-,-,,9.76,,0,0,0,601929
sh600133,东湖高新,首板/👀焚诀预期/炸板,649000000.0,5.55,6.35,-0.33,9.7,🟢 Safe,-,-,,7.42,,0,0,0,600133
sz002187,广百股份,1板,617000000.0,0.51,11.26,-0.89,7.9,🟢 Safe,-,-,,-5.28,,0,0,0,002187
sh603108,润达医疗,1板,614000000.0,5.23,6.27,0.0,16.31,🟢 Safe,-,-,,9.17,,0,0,0,603108
sz002971,和远气体,首板,612000000.0,10.01,11.35,10.01,33.63,🟢 Safe,-,-,,10.15,,0,0,0,002971
sz002977,天箭科技,首板/航天/军工,602000000.0,10.0,24.93,-0.29,37.39,🟢 Safe,-,-,,-7.11,,0,0,0,002977
sh600135,乐凯胶片,🐉龙虎榜/2板/航天,586000000.0,10.03,8.64,-2.42,12.72,🟢 Safe,-,-,,46.54,,0,0,0,600135
sh603171,税友股份,1板,584000000.0,1.02,2.28,-1.49,64.6,🟢 Safe,-,-,,28.66,,0,0,0,603171
sh603185,弘元绿能,🐉龙虎榜/💰北向(1.2亿)/💰拉萨天团(2054万)/💰作手新一(2587万)/🏃机构(2.9亿),583000000.0,-0.41,2.72,-0.95,31.6,🟢 Safe,-,-,,7.12,,0,0,0,603185
sh688221,前沿生物-U,🐉龙虎榜/1板,582000000.0,-2.41,6.57,-0.96,23.46,🟢 Safe,-,-,,14.89,,0,0,0,688221
sh601958,金钼股份,1板,579000000.0,-1.99,1.07,-1.0,16.71,🟢 Safe,-,-,,10.37,,0,0,0,601958
sz002510,天汽模,首板,570000000.0,10.03,7.4,0.56,7.79,🟢 Safe,-,-,,8.19,,0,0,0,002510
sz002843,泰嘉股份,首板/航天/AI,567000000.0,9.99,10.42,0.4,22.02,🟢 Safe,-,-,,10.43,,0,0,0,002843
sh688399,硕世生物,首板,550000000.0,13.31,8.77,-0.66,77.21,🟢 Safe,-,-,,13.71,,0,0,0,688399
sz002774,快意电梯,★人气/4板,530000000.0,10.04,14.58,0.0,13.59,🟢 Safe,-,-,,43.05,,0,0,0,002774
sh601608,中信重工,首板/机器人/航天,529000000.0,9.94,1.6,0.59,7.41,🟢 Safe,-,-,,17.25,,0,0,0,601608
sz002278,神开股份,1板,519000000.00000006,3.24,12.29,-0.32,12.74,🟢 Safe,-,-,,9.83,,0,0,0,002278
sh600053,九鼎投资,首板/👀焚诀预期/炸板,486000000.00000006,-3.15,5.37,2.04,20.88,🟢 Safe,-,-,,7.52,,0,0,0,600053
sz002119,康强电子,首板/👀焚诀预期/炸板,471000000.0,1.9,7.16,-0.06,17.68,🟢 Safe,-,-,,7.02,,0,0,0,002119
sz002542,中化岩土,首板/低空,463000000.0,10.06,7.17,-0.3,3.72,🟢 Safe,-,-,,12.05,,0,0,0,002542
sz301230,泓博医药,1板,459999999.99999994,6.61,10.64,-0.4,34.37,🟢 Safe,-,-,,13.81,,0,0,0,301230
sz002315,焦点科技,首板/👀焚诀预期/炸板,455999999.99999994,2.59,4.64,-0.32,48.68,🟢 Safe,-,-,,11.07,,0,0,0,002315
sz002324,普利特,F佬/普利特(脑机/等分歧)/★人气/4板/航天,425000000.0,10.0,2.34,10.0,23.42,🟢 Safe,-,-,,78.64,,0,0,0,002324
sz003037,三和管桩,🐉龙虎榜/💰机构(579万)/💰拉萨天团(1798万)/🏃拉萨天团(322万)/🏃机构(1497万)/首板,416000000.0,10.04,7.9,0.37,8.99,🟢 Safe,-,-,,16.45,,0,0,0,003037
sz002181,粤 传 媒,1板,415000000.00000006,2.46,4.02,-0.22,9.16,🟢 Safe,-,-,,10.23,,0,0,0,002181
sz002677,浙江美大,🐉龙虎榜/💰机构(2934万)/💰北向(1392万)/💰拉萨天团(705万)/🏃北向(4320万)/🏃拉萨天团(250万)/🏃机构(1644万)/首板/AI,409999999.99999994,10.03,7.87,-2.48,10.2,🟢 Safe,-,-,,18.47,,0,0,0,002677
sh600094,大名城,🔥焚诀,405999999.99999994,6.89,4.3,-0.95,4.5,🟢 Safe,-,-,,8.43,,0,0,0,600094
sz002927,泰永长征,1板,381000000.0,0.66,8.18,-0.52,21.25,🟢 Safe,-,-,,11.9,,0,0,0,002927
sz301231,荣信文化,首板/👀焚诀预期/炸板,356000000.0,7.41,20.07,-0.96,33.63,🟢 Safe,-,-,,12.21,,0,0,0,301231
sh603057,紫燕食品,🔥焚诀,355000000.0,7.88,3.5,1.09,24.77,🟢 Safe,-,-,,27.16,,0,0,0,603057
sz002248,华东数控,首板,352000000.0,10.01,8.96,2.12,12.97,🟢 Safe,-,-,,18.23,,0,0,0,002248
sh603017,中衡设计,🐉龙虎榜/💰养家/3日(2997万)/2板/低空/航天,337000000.0,10.01,10.51,2.82,12.09,🟢 Safe,-,-,,20.42,,0,0,0,603017
sz002203,海亮股份,1板,334000000.0,-1.54,1.17,-1.31,12.77,🟢 Safe,-,-,,2.49,,0,0,0,002203
sz300736,百邦科技,首板,332000000.0,13.06,15.07,0.06,18.18,🟢 Safe,-,-,,20.4,,0,0,0,300736
sz001400,江顺科技,★人气/3板/航天,314000000.0,10.0,20.73,0.0,103.26,🟢 Safe,-,-,,56.1,,0,0,0,001400
sz002795,永和智控,1板,302000000.0,-1.6,10.23,-1.45,6.77,🟢 Safe,-,-,,6.11,,0,0,0,002795
sh688237,超卓航科,首板,295000000.0,11.17,6.08,0.0,55.65,🟢 Safe,-,-,,16.57,,0,0,0,688237
sz301515,港通医疗,首板/🔥20cm,291000000.0,20.02,18.8,1.18,25.48,🟢 Safe,-,-,,27.08,,0,0,0,301515
sz002173,创新医疗,F佬/创新医疗(脑机/龙头/等分歧)/🐉龙虎榜/💰北向(4.4亿)/💰拉萨天团(4977万)/💰机构(1.1亿)/🏃拉萨天团(3262万)/🏃机构(586万)/🏃北向(1.5亿)/★人气/4板/👀焚诀预期/炸板,288000000.0,9.99,2.2,9.99,31.49,🟢 Safe,-,-,,49.53,,0,0,0,002173
sh600397,江钨装备,1板,281000000.0,0.24,3.46,-0.24,8.24,🟢 Safe,-,-,,12.26,,0,0,0,600397
sz003007,直真科技,2板/卫星/航天/算力,264000000.0,9.99,9.28,1.02,40.83,🟢 Safe,-,-,,26.64,,0,0,0,003007
sh688281,华秦科技,首板/👀焚诀预期/炸板,258000000.0,3.52,1.23,-0.52,77.89,🟢 Safe,-,-,,18.02,,0,0,0,688281
sh600477,杭萧钢构,🐉龙虎榜/💰六一中路(1430万)/💰六一中路/3日(1430万)/💰思明南路(523万)/2板,244000000.0,10.1,3.14,10.1,3.27,🟢 Safe,-,-,,24.33,,0,0,0,600477
sh688246,嘉和美康,首板/👀焚诀预期/炸板,231999999.99999997,7.68,6.62,0.21,25.79,🟢 Safe,-,-,,5.31,,0,0,0,688246
sz002849,威星智能,1板,225000000.0,-1.73,6.4,-0.49,15.95,🟢 Safe,-,-,,4.04,,0,0,0,002849
sz002554,惠博普,首板,225000000.0,9.91,4.92,0.31,3.55,🟢 Safe,-,-,,9.23,,0,0,0,002554
sh601226,华电科工,首板/👀焚诀预期/炸板,218000000.00000003,1.95,2.24,-0.24,8.36,🟢 Safe,-,-,,6.36,,0,0,0,601226
sz300830,金现代,首板/👀焚诀预期/炸板,194000000.0,3.57,5.41,-0.29,10.72,🟢 Safe,-,-,,7.96,,0,0,0,300830
sz002989,中天精装,首板,193000000.0,9.99,3.37,0.48,32.27,🟢 Safe,-,-,,11.28,,0,0,0,002989
sh688393,安必平,🐉龙虎榜/🏃机构(902万)/首板/👀焚诀预期/炸板,189000000.0,6.73,7.43,0.0,27.6,🟢 Safe,-,-,,16.95,,0,0,0,688393
sh600108,亚盛集团,首板/👀焚诀预期/炸板,183000000.0,0.31,2.86,-0.31,3.28,🟢 Safe,-,-,,0.61,,0,0,0,600108
sz002838,道恩股份,1板,178000000.0,0.85,1.7,-0.41,24.83,🟢 Safe,-,-,,3.2,,0,0,0,002838
sh600513,联环药业,1板,170000000.0,0.16,3.09,0.26,19.19,🟢 Safe,-,-,,8.05,,0,0,0,600513
sh603100,川仪股份,首板/👀焚诀预期/炸板,167000000.0,1.71,1.35,-0.29,24.45,🟢 Safe,-,-,,8.67,,0,0,0,603100
sz002777,久远银海,1板,153000000.0,1.43,2.05,-0.11,18.46,🟢 Safe,-,-,,5.25,,0,0,0,002777
sz002296,辉煌科技,1板,139000000.0,1.16,3.55,0.0,11.3,🟢 Safe,-,-,,5.51,,0,0,0,002296
sh600215,派斯林,🐉龙虎榜/💰赵老哥/3日(1348万)/2板/机器人/AI,137000000.0,10.01,3.93,1.14,7.69,🟢 Safe,-,-,,13.93,,0,0,0,600215
sz300878,维康药业,1板,132000000.0,1.8,3.11,-0.31,29.44,🟢 Safe,-,-,,20.8,,0,0,0,300878
sz002316,亚联发展,2板,124000000.0,9.96,7.12,0.0,5.19,🟢 Safe,-,-,,9.73,,0,0,0,002316
sz001373,翔腾新材,1板,118000000.0,0.81,10.06,0.14,34.96,🟢 Safe,-,-,,19.89,,0,0,0,001373
sh688196,卓越新能,首板/👀焚诀预期/炸板,117000000.0,5.99,1.57,0.97,63.12,🟢 Safe,-,-,,15.14,,0,0,0,688196
sz002431,棕榈股份,1板,110000000.00000001,0.4,2.46,-0.4,2.5,🟢 Safe,-,-,,4.6,,0,0,0,002431
sz002729,好利科技,1板,102000000.0,0.06,3.58,-0.55,16.31,🟢 Safe,-,-,,2.26,,0,0,0,002729
sz002162,悦心健康,1板,99211700.0,1.28,2.3,-0.43,4.73,🟢 Safe,-,-,,1.07,,0,0,0,002162
sh603015,弘讯科技,2板,78114100.0,9.97,1.24,9.97,15.55,🟢 Safe,-,-,,26.32,,0,0,0,603015
sz002931,锋龙股份,F佬/锋龙股份(机器人)/★人气/10板,75812900.0,10.0,0.81,10.0,46.42,🟢 Safe,-,-,,159.47,,0,0,0,002931
sh600337,美克家居,🐉龙虎榜/🏃六一中路(1279万)/★人气/4板/AI/⚠️流动性差,36196400.0,10.05,0.59,10.05,4.27,🟢 Safe,-,-,,42.81,,0,0,0,600337
sz300553,集智股份,首板/👀焚诀预期/炸板,0.0,0.55,5.29,-0.68,39.88,🟢 Safe,-,-,,10.44,,0,0,0,300553
sz300505,川金诺,首板,0.0,10.17,35.01,7.64,26.1,🟢 Safe,-,-,,15.59,,0,0,0,300505
sz000547,航天发展,★人气/航天,0.0,0.35,28.51,-2.45,36.83,极高危,198.20%,次日 +0.58%,30日偏离值200%,61.54,,0,0,0,000547
sz000159,国际实业,首板/👀焚诀预期/炸板,0.0,10.02,6.34,0.17,6.37,🟢 Safe,-,-,,13.75,,0,0,0,000159
sz300578,会畅科技,1板,0.0,3.5,5.03,0.45,20.71,🟢 Safe,-,-,,4.6,,0,0,0,300578
sh601089,福元医药,1板,0.0,-2.27,1.49,0.21,27.52,🟢 Safe,-,-,,12.97,,0,0,0,601089
sz000969,安泰科技,1板,0.0,1.82,12.55,0.13,22.9,🟢 Safe,-,-,,14.27,,0,0,0,000969
sh603588,高能环境,🔥焚诀,0.0,9.66,10.27,3.86,9.08,🟢 Safe,-,-,,23.2,,0,0,0,603588
sz000566,海南海药,🔥焚诀,0.0,5.21,21.0,2.54,7.47,🟢 Safe,-,-,,-14.73,,0,0,0,000566
sh603776,永安行,🔥焚诀,0.0,5.27,5.04,0.87,19.39,🟢 Safe,-,-,,8.87,,0,0,0,603776
sh603859,能科科技,★人气,0.0,2.86,9.42,3.64,45.26,🟢 Safe,-,-,,19.23,,0,0,0,603859
sh600776,东方通信,1板,0.0,0.82,8.58,-1.36,18.5,🟢 Safe,-,-,,21.55,,0,0,0,600776
sh600858,银座股份,🐉龙虎榜/💰机构(3039万)/🏃佛山系(723万)/1板,0.0,0.47,7.24,-0.95,6.35,🟢 Safe,-,-,,-11.44,,0,0,0,600858
sh600935,华塑股份,首板,0.0,10.0,1.51,10.0,2.75,🟢 Safe,-,-,,11.34,,0,0,0,600935
sz000551,创元科技,★人气,0.0,2.33,10.41,0.14,14.93,🟢 Safe,-,-,,8.35,,0,0,0,000551
sh688636,智明达,首板,0.0,11.49,10.85,-1.25,48.89,🟢 Safe,-,-,,27.92,,0,0,0,688636
sh600962,国投中鲁,1板,0.0,-0.63,2.1,-0.97,20.58,🟢 Safe,-,-,,-3.38,,0,0,0,600962
sh600880,博瑞传播,1板,0.0,1.03,10.34,0.0,5.88,🟢 Safe,-,-,,20.0,,0,0,0,600880
sh600828,茂业商业,🐉龙虎榜/💰北向(3758万)/💰机构(3986万)/🏃拉萨天团(1166万)/1板,0.0,3.76,5.71,-1.47,6.35,🟢 Safe,-,-,,9.67,,0,0,0,600828
sh600589,大位科技,🐉龙虎榜/💰北向/3日(4.8亿)/🔥焚诀/1板,0.0,4.88,29.52,0.12,8.81,🟢 Safe,-,-,,24.08,,0,0,0,600589
sz000798,中水渔业,★人气,0.0,-3.14,13.99,-0.08,11.43,🟢 Safe,-,-,,2.88,,0,0,0,000798
sz001331,胜通能源,🐉龙虎榜/💰机构(3824万)/💰拉萨天团(3289万)/🏃机构(1358万)/🏃拉萨天团(2495万),0.0,7.16,18.18,7.09,60.04,🟢 Safe,-,-,,152.69,,0,0,0,001331
sz300536,农尚环境,首板/👀焚诀预期/炸板,0.0,4.35,3.4,-0.13,7.91,🟢 Safe,-,-,,10.01,,0,0,0,300536
sz000803,山高环能,首板/👀焚诀预期/炸板,0.0,0.38,3.61,-1.03,7.83,🟢 Safe,-,-,,11.7,,0,0,0,000803
sh688759,必贝特-U,首板/🔥20cm,0.0,20.0,30.24,6.09,49.68,🟢 Safe,-,-,,69.56,,0,0,0,688759
sz300508,维宏股份,首板,0.0,10.83,14.21,1.58,40.03,🟢 Safe,-,-,,20.43,,0,0,0,300508
sh603667,五洲新春,持仓/五洲新春/★人气,0.0,0.45,16.02,0.01,75.94,🟢 Safe,-,-,,52.52,,0,0,0,603667
sz000628,高新发展,首板,0.0,10.01,8.32,-0.52,50.77,🟢 Safe,-,-,,13.4,,0,0,0,000628
sh688543,国科军工,首板/👀焚诀预期/炸板/军工,0.0,4.06,12.62,-1.02,63.3,🟢 Safe,-,-,,13.64,,0,0,0,688543
sh605028,世茂能源,首板,0.0,10.01,3.95,0.48,32.3,🟢 Safe,-,-,,20.93,,0,0,0,605028
sz000917,电广传媒,1板,0.0,-1.97,9.83,-2.24,10.96,🟢 Safe,-,-,,9.6,,0,0,0,000917
sh603598,引力传媒,🐉龙虎榜/💰养家/3日(1.3亿)/💰中山东路/3日(1.3亿)/🏃六一中路/3日(3738万)/🔥焚诀/1板,0.0,4.2,32.4,0.0,23.57,🟢 Safe,-,-,,45.05,,0,0,0,603598
sh601106,中国一重,F佬/中国一重(核电/商业航天)/★人气/3板,0.0,10.07,1.4,10.07,4.92,🟢 Safe,-,-,,20.88,,0,0,0,601106
sh603696,安记食品,F佬/安记食品(消费)/★人气/首板,0.0,10.02,17.28,0.38,23.16,🟢 Safe,-,-,,-5.24,,0,0,0,603696
sh600676,交运股份,1板,0.0,3.18,2.37,0.0,6.17,🟢 Safe,-,-,,8.25,,0,0,0,600676
sz300141,和顺电气,首板/🔥20cm,0.0,20.03,24.43,-3.98,17.5,🟢 Safe,-,-,,52.04,,0,0,0,300141
sh688037,芯源微,首板,0.0,13.17,9.1,4.83,215.92,🟢 Safe,-,-,,47.88,,0,0,0,688037
sh605318,法狮龙,🐉龙虎榜,0.0,1.73,2.71,0.16,64.6,🟢 Safe,-,-,,-7.14,,0,0,0,605318
sh688710,益诺思,🐉龙虎榜/💰北向/3日(5254万)/💰机构/3日(9052万),0.0,3.11,5.19,-1.12,57.03,🟢 Safe,-,-,,23.63,,0,0,0,688710
sz300102,乾照光电,🐉龙虎榜/💰赵老哥/3日(3310万)/💰机构(2.2亿)/💰赵老哥(281万)/💰拉萨天团/3日(8349万)/💰机构/3日(2.2亿)/💰余哥(3.3亿)/💰余哥/3日(6.8亿)/💰北向(2.7亿)/💰北向/3日(4.7亿)/🏃赵老哥(1.1亿)/🏃拉萨天团/3日(9471万)/🏃北向/3日(4.5亿)/🏃余哥(2.2亿)/🏃余哥/3日(2.6亿)/🏃北向(2.5亿)/🏃赵老哥/3日(1.9亿)/2板/🔥20cm,0.0,20.01,24.83,-1.58,31.19,🟢 Safe,-,-,,35.31,,0,0,0,300102
sh600807,济高发展,🐉龙虎榜/1板,0.0,1.61,3.57,0.0,3.15,🟢 Safe,-,-,,0.64,,0,0,0,600807
sh688419,耐科装备,首板,0.0,11.25,15.49,-0.93,34.8,🟢 Safe,-,-,,24.82,,0,0,0,688419
sh603938,三孚股份,🐉龙虎榜/💰北向/3日(2419万)/💰拉萨天团/3日(3225万)/2板,0.0,10.0,0.87,10.0,22.98,🟢 Safe,-,-,,18.64,,0,0,0,603938
sz001208,华菱线缆,🐉龙虎榜/💰机构(1035万)/💰拉萨天团(8443万)/💰北向(4548万)/🏃拉萨天团(7801万)/🏃北向(8757万)/🏃机构(6381万)/★人气/首板/👀焚诀预期/炸板,0.0,9.99,16.15,-1.63,28.41,🟢 Safe,-,-,,43.2,,0,0,0,001208
sz300629,新劲刚,首板,0.0,13.17,29.98,-1.24,26.47,🟢 Safe,-,-,,40.2,,0,0,0,300629
sz001215,千味央厨,🐉龙虎榜/💰机构/3日(6824万)/🏃机构/3日(5928万)/首板,0.0,9.99,7.02,-0.1,44.92,🟢 Safe,-,-,,12.19,,0,0,0,001215
sz300051,琏升科技,1板,0.0,8.56,13.33,-0.75,7.23,🟢 Safe,-,-,,11.57,,0,0,0,300051
sz300048,合康新能,首板,0.0,12.18,15.61,-0.64,7.0,🟢 Safe,-,-,,21.11,,0,0,0,300048
sz000678,襄阳轴承,🔥焚诀,0.0,5.8,22.99,0.2,15.87,🟢 Safe,-,-,,11.52,,0,0,0,000678
sz300244,迪安诊断,🐉龙虎榜/💰机构(5075万)/💰北向(1.4亿)/🏃北向(1.6亿)/🏃机构(4393万)/1板,0.0,5.6,9.12,0.12,18.1,🟢 Safe,-,-,,16.77,,0,0,0,300244
sh600759,洲际油气,1板,0.0,-1.85,9.34,-1.23,3.19,🟢 Safe,-,-,,10.38,,0,0,0,600759
sz300467,迅游科技,📉跌停/博弈修复,0.0,-9.64,12.57,-3.29,31.3,🟢 Safe,-,-,,13.16,,0,0,0,300467
sh600869,远东股份,🐉龙虎榜/💰赵老哥(9237万)/💰北向(1.3亿)/★人气/首板/👀焚诀预期/炸板,0.0,9.97,2.17,5.14,10.92,🟢 Safe,-,-,,39.46,,0,0,0,600869
sz300442,润泽科技,首板/👀焚诀预期/炸板,0.0,-1.27,3.79,-0.96,59.81,🟢 Safe,-,-,,18.6,,0,0,0,300442
sh603496,恒为科技,🔥焚诀/1板,0.0,5.54,10.44,0.04,29.33,🟢 Safe,-,-,,11.14,,0,0,0,603496
sh688084,晶品特装,首板,0.0,10.58,4.8,-1.18,93.44,🟢 Safe,-,-,,27.89,,0,0,0,688084
sh688809,强一股份,🐉龙虎榜/💰机构/3日(1.5亿)/💰作手新一/3日(1.6亿),0.0,-2.05,30.94,-2.76,323.0,🟢 Safe,-,-,,0.0,,0,0,0,688809
sz000534,万泽股份,首板/👀焚诀预期/炸板,0.0,3.25,4.39,-0.1,21.58,🟢 Safe,-,-,,-2.92,,0,0,0,000534
sz000987,越秀资本,1板,0.0,-0.11,2.45,-0.22,9.21,🟢 Safe,-,-,,22.96,,0,0,0,000987
sh600879,航天电子,🐉龙虎榜/💰北向/3日(7.0亿)/💰作手新一/3日(7.7亿)/💰消闲派/3日(6.9亿)/💰机构/3日(5.7亿)/★人气/2板/航天,0.0,10.0,11.91,-0.97,26.08,🟢 Safe,-,-,,62.49,,0,0,0,600879
sz000981,山子高科,★人气,0.0,3.51,18.98,-0.88,4.72,🟢 Safe,-,-,,31.48,,0,0,0,000981
sz300170,汉得信息,🔥焚诀/首板,0.0,13.35,30.71,4.1,22.67,🟢 Safe,-,-,,33.51,,0,0,0,300170
sh605588,冠石科技,🔥焚诀,0.0,4.64,9.23,0.0,55.9,🟢 Safe,-,-,,9.33,,0,0,0,605588
sh600845,宝信软件,首板,0.0,10.01,2.19,3.99,22.86,🟢 Safe,-,-,,14.19,,0,0,0,600845
sh688727,恒坤新材,🐉龙虎榜/💰机构/3日(6449万),0.0,3.13,52.85,-1.71,64.0,🟢 Safe,-,-,,26.48,,0,0,0,688727
sz001231,农心科技,🐉龙虎榜/💰拉萨天团(778万)/🏃拉萨天团(1035万),0.0,-1.36,38.49,-2.65,26.78,🟢 Safe,-,-,,23.35,,0,0,0,001231
sh600673,东阳光,🐉龙虎榜/💰北向/3日(7.4亿)/💰机构/3日(4.8亿),0.0,2.61,3.9,0.0,27.55,🟢 Safe,-,-,,20.83,,0,0,0,600673
sz000901,航天科技,首板/👀焚诀预期/炸板/航天,0.0,10.0,16.05,-1.78,30.25,🟢 Safe,-,-,,35.71,,0,0,0,000901
sh603703,盛洋科技,🐉龙虎榜/首板/👀焚诀预期/炸板,0.0,10.03,3.6,-0.26,16.68,🟢 Safe,-,-,,26.36,,0,0,0,603703
sz000859,国风新材,★人气/🔥焚诀,0.0,3.94,33.8,9.97,12.93,🟢 Safe,-,-,,22.44,,0,0,0,000859
sh605123,派克新材,首板,0.0,10.0,11.1,-0.58,113.74,🟢 Safe,-,-,,36.17,,0,0,0,605123
sz300265,通光线缆,首板,0.0,10.43,25.95,-0.98,15.77,🟢 Safe,-,-,,21.68,,0,0,0,300265
sh600748,上实发展,🐉龙虎榜/💰北向(3534万)/💰养家(1267万)/🏃机构(1102万)/1板,0.0,1.54,2.61,-1.02,5.95,🟢 Safe,-,-,,11.63,,0,0,0,600748
sz000962,东方钽业,首板/👀焚诀预期/炸板,0.0,0.57,5.53,-0.57,35.4,🟢 Safe,-,-,,18.63,,0,0,0,000962
sh603878,武进不锈,首板,0.0,10.06,8.95,-0.25,8.75,🟢 Safe,-,-,,-10.16,,0,0,0,603878
sz000559,万向钱潮,F佬/万向钱潮(机器人/趋势)/★人气/首板/👀焚诀预期/炸板,0.0,3.87,10.12,-2.69,18.51,🟢 Safe,-,-,,57.4,,0,0,0,000559
sh600895,张江高科,F佬/张江高科(商业航天/创投)/★人气,0.0,-0.17,6.1,-2.07,46.75,🟢 Safe,-,-,,18.96,,0,0,0,600895
sh603926,铁流股份,🔥焚诀,0.0,7.3,5.93,0.24,18.09,🟢 Safe,-,-,,16.56,,0,0,0,603926
sh605086,龙高股份,首板,0.0,9.99,3.41,-0.47,48.88,🟢 Safe,-,-,,24.09,,0,0,0,605086
sz300136,信维通信,首板,0.0,13.71,20.46,1.48,76.2,🟢 Safe,-,-,,100.95,,0,0,0,300136
sh600986,浙文互联,1板,0.0,5.34,10.26,1.19,8.87,🟢 Safe,-,-,,22.34,,0,0,0,600986
sz000532,华金资本,1板,0.0,-1.69,6.61,-0.81,15.73,🟢 Safe,-,-,,0.64,,0,0,0,000532
sh603679,华体科技,首板/👀焚诀预期/炸板,0.0,2.21,10.85,0.3,17.09,🟢 Safe,-,-,,9.2,,0,0,0,603679
sh605298,必得科技,首板,0.0,9.99,3.54,0.1,44.14,🟢 Safe,-,-,,5.2,,0,0,0,605298
sh603882,金域医学,1板,0.0,3.41,1.93,-0.27,30.6,🟢 Safe,-,-,,9.91,,0,0,0,603882
sh600637,东方明珠,★人气/3板,0.0,9.99,4.85,6.09,12.11,🟢 Safe,-,-,,31.63,,0,0,0,600637
sh603650,彤程新材,首板,0.0,10.01,10.21,7.99,56.73,🟢 Safe,-,-,,22.16,,0,0,0,603650
sh688066,航天宏图,首板/航天/🔥20cm,0.0,19.99,22.67,-0.98,38.11,🟢 Safe,-,-,,46.8,,0,0,0,688066
sz300063,天龙集团,🐉龙虎榜/💰机构(4930万)/💰北向/3日(1.2亿)/💰机构/3日(4930万)/💰北向(1.2亿)/🏃机构(2089万)/🏃北向/3日(8816万)/🏃机构/3日(2089万)/🏃北向(8816万)/1板,0.0,2.26,9.83,-1.02,9.04,🟢 Safe,-,-,,11.47,,0,0,0,300063
sz001216,华瓷股份,★人气,0.0,0.46,2.48,-0.23,17.51,🟢 Safe,-,-,,1.16,,0,0,0,001216
sh600838,上海九百,持仓/上海九百/🐉龙虎榜/💰拉萨天团(3765万)/★人气/首板,0.0,10.0,26.47,-4.13,13.86,🟢 Safe,-,-,,15.31,,0,0,0,600838
sz300290,荣科科技,🐉龙虎榜/💰北向/3日(8257万)/💰机构/3日(2416万)/💰拉萨天团/3日(1.5亿)/🏃机构/3日(7177万)/🏃拉萨天团/3日(1.4亿)/🏃北向/3日(9810万),0.0,-4.83,11.13,-8.57,21.89,🟢 Safe,-,-,,-24.15,,0,0,0,300290
sz000050,深天马Ａ,首板/👀焚诀预期/炸板,0.0,3.01,2.4,-0.32,9.57,🟢 Safe,-,-,,9.62,,0,0,0,000050
sh600967,内蒙一机,首板,0.0,9.98,8.86,-0.35,18.73,🟢 Safe,-,-,,17.06,,0,0,0,600967
sz300322,硕贝德,首板,0.0,10.72,28.16,-1.01,31.7,🟢 Safe,-,-,,27.05,,0,0,0,300322
sh600629,华建集团,首板,0.0,9.99,11.05,-1.1,25.0,🟢 Safe,-,-,,36.02,,0,0,0,600629
sh603334,丰倍生物,🐉龙虎榜/1板,0.0,2.06,13.91,-0.34,44.6,🟢 Safe,-,-,,6.17,,0,0,0,603334
sz300065,海兰信,首板/🔥20cm,0.0,20.0,25.7,0.21,22.5,🟢 Safe,-,-,,29.76,,0,0,0,300065
sh600721,百花医药,🐉龙虎榜/💰拉萨天团/3日(2181万)/📉跌停/博弈修复,0.0,-9.98,6.85,-9.98,9.92,🟢 Safe,-,-,,-5.07,,0,0,0,600721
sz300129,泰胜风能,首板/🔥20cm,0.0,19.98,25.25,-1.72,13.99,🟢 Safe,-,-,,64.59,,0,0,0,300129
sh600775,南京熊猫,F佬/南京熊猫(脑机/航天/AI)/🐉龙虎榜/💰拉萨天团(8941万)/🏃拉萨天团(4181万)/🏃北向(1.2亿)/★人气/首板,0.0,10.02,32.64,4.55,17.89,🟢 Safe,-,-,,63.38,,0,0,0,600775
sz300123,亚光科技,首板,0.0,10.19,23.12,-1.7,9.08,🟢 Safe,-,-,,27.53,,0,0,0,300123
sh688552,航天南湖,🐉龙虎榜/💰机构/3日(2936万)/💰北向/3日(5066万)/🏃赵老哥/3日(3326万)/首板/航天/🔥20cm,0.0,20.0,25.09,-0.05,45.0,🟢 Safe,-,-,,30.62,,0,0,0,688552
sz300589,江龙船艇,首板,0.0,11.3,39.73,0.1,22.46,🟢 Safe,-,-,,17.47,,0,0,0,300589
sh603333,尚纬股份,首板,0.0,10.04,8.33,-0.12,8.99,🟢 Safe,-,-,,13.51,,0,0,0,603333
sz300492,华图山鼎,首板,0.0,13.66,2.47,0.86,87.45,🟢 Safe,-,-,,12.9,,0,0,0,300492
sh603488,展鹏科技,首板,0.0,10.0,14.73,-2.18,9.57,🟢 Safe,-,-,,23.96,,0,0,0,603488
sh688089,嘉必优,📉跌停/博弈修复,0.0,-11.91,11.62,-13.54,21.15,🟢 Safe,-,-,,-11.69,,0,0,0,688089
sh600784,鲁银投资,1板,0.0,0.0,2.39,-0.55,7.24,🟢 Safe,-,-,,7.58,,0,0,0,600784
sh605398,新炬网络,首板/👀焚诀预期/炸板,0.0,2.91,2.95,0.52,29.75,🟢 Safe,-,-,,7.36,,0,0,0,605398
sh688106,金宏气体,🔥焚诀/首板,0.0,11.11,12.19,10.24,24.2,🟢 Safe,-,-,,22.22,,0,0,0,688106
sh600973,宝胜股份,1板,0.0,1.92,16.19,0.38,7.96,🟢 Safe,-,-,,22.09,,0,0,0,600973
sh605116,奥锐特,首板,0.0,10.0,1.2,0.39,28.27,🟢 Safe,-,-,,22.75,,0,0,0,605116
sh600850,电科数字,🔥焚诀,0.0,6.52,6.33,0.17,31.54,🟢 Safe,-,-,,12.4,,0,0,0,600850
sz000555,神州信息,🔥焚诀,0.0,5.53,15.18,0.47,18.12,🟢 Safe,-,-,,13.39,,0,0,0,000555
sh603950,长源东谷,首板,0.0,9.99,3.68,-0.11,31.05,🟢 Safe,-,-,,5.83,,0,0,0,603950
sh688680,海优新材,首板/🔥20cm,0.0,14.2,9.07,-0.6,45.61,🟢 Safe,-,-,,21.53,,0,0,0,688680
sh603716,塞力医疗,F佬/塞力医疗(脑机)/🐉龙虎榜/💰北向(6644万)/💰拉萨天团(6572万)/🏃六一中路(2513万)/★人气/首板,0.0,9.98,33.31,-2.76,26.66,🟢 Safe,-,-,,23.31,,0,0,0,603716
sh688516,奥特维,首板,0.0,11.85,7.7,-1.63,58.5,🟢 Safe,-,-,,36.05,,0,0,0,688516
sh600783,鲁信创投,持仓/鲁信创投/★人气/4板,0.0,9.99,0.31,9.99,29.63,🟢 Safe,-,-,,86.94,,0,0,0,600783
sz000503,国新健康,1板,0.0,5.27,3.39,-0.11,9.59,🟢 Safe,-,-,,5.04,,0,0,0,000503
sh605288,凯迪股份,🐉龙虎榜/💰养家/3日(2663万)/💰机构/3日(1.3亿)/💰北向/3日(2044万)/1板,0.0,1.7,3.52,2.6,98.13,🟢 Safe,-,-,,19.48,,0,0,0,605288
sh603416,信捷电气,首板,0.0,10.01,5.86,0.0,61.13,🟢 Safe,-,-,,17.17,,0,0,0,603416
sz300418,昆仑万维,🐉龙虎榜/💰机构(2.9亿)/💰北向(6.1亿)/🏃北向(4.2亿)/🏃机构(1.0亿)/1板,0.0,1.53,5.93,0.27,45.02,🟢 Safe,-,-,,13.2,,0,0,0,300418
sz300521,爱司凯,🔥焚诀/首板/🔥20cm,0.0,14.1,15.86,-0.07,33.09,🟢 Safe,-,-,,19.24,,0,0,0,300521
